[
    {
        "Theme": "Histoire",
        "Count": 591
    },
    {
        "Theme": "Archéologie",
        "Count": 522
    },
    {
        "Theme": "Ethnologie",
        "Count": 519
    },
    {
        "Theme": "Beaux-arts",
        "Count": 431
    },
    {
        "Theme": "Arts décoratifs",
        "Count": 393
    },
    {
        "Theme": "Technique et industrie",
        "Count": 284
    },
    {
        "Theme": "Art moderne et contemporain",
        "Count": 233
    },
    {
        "Theme": "Sciences de la nature",
        "Count": 205
    },
    {
        "Theme": "Photographie",
        "Count": 177
    },
    {
        "Theme": "Afrique",
        "Count": 120
    }
]